{
    "921742912126062653": {
        "channel": "921742944443191356"
    },
    "963647186036478012": {
        "channel": ""
    },
    "987621732334567484": {
        "channel": ""
    },
    "980801472440713236": {
        "channel": ""
    },
    "110373943822540800": {
        "channel": ""
    },
    "959125052266283118": {
        "channel": "992455284704432240"
    },
    "937652784361263126": {
        "channel": ""
    },
    "878971553289740329": {
        "channel": ""
    },
    "956480293752156191": {
        "channel": ""
    },
    "960953873760129095": {
        "channel": ""
    },
    "904369527394021436": {
        "channel": ""
    },
    "916184787012702329": {
        "channel": ""
    },
    "762550423088922676": {
        "channel": ""
    },
    "988676501807431750": {
        "channel": ""
    },
    "981897582336958485": {
        "channel": ""
    },
    "947373910528229436": {
        "channel": ""
    },
    "875385866258886676": {
        "channel": ""
    },
    "774551398133661726": {
        "channel": ""
    },
    "976433710624817153": {
        "channel": "1006375380216729730"
    },
    "907974861421432882": {
        "channel": ""
    },
    "872512128500776992": {
        "channel": ""
    },
    "875733896979955783": {
        "channel": ""
    },
    "944889678010654721": {
        "channel": ""
    },
    "868798963413815337": {
        "channel": ""
    },
    "866351216991928320": {
        "channel": ""
    },
    "968424219039920159": {
        "channel": "993168747751821344"
    },
    "794836252964814858": {
        "channel": ""
    },
    "936934046863339560": {
        "channel": ""
    },
    "930216750094643270": {
        "channel": ""
    },
    "984148918675832923": {
        "channel": ""
    },
    "920831762546974791": {
        "channel": ""
    },
    "707510216169619486": {
        "channel": ""
    },
    "969772113407905833": {
        "channel": ""
    },
    "876739328640946177": {
        "channel": ""
    },
    "975146856084549652": {
        "channel": ""
    },
    "694994318468841542": {
        "channel": ""
    },
    "990275202913021983": {
        "channel": "995718748789018735"
    },
    "979426151548211210": {
        "channel": ""
    },
    "992447941937741925": {
        "channel": "992447941937741928"
    },
    "950018607864221796": {
        "channel": ""
    },
    "942712448190914591": {
        "channel": "993431810849644544"
    },
    "991030763573100554": {
        "channel": "991030764512624713"
    },
    "949761143696678943": {
        "channel": ""
    },
    "973940339113091112": {
        "channel": ""
    },
    "977906718174486580": {
        "channel": ""
    },
    "980569146326675466": {
        "channel": ""
    },
    "971064666639986738": {
        "channel": ""
    },
    "988102412814393404": {
        "channel": ""
    },
    "923895370289934336": {
        "channel": ""
    },
    "979342238951800882": {
        "channel": ""
    },
    "741614680652644382": {
        "channel": ""
    },
    "898834387142058034": {
        "channel": ""
    },
    "973853810265042984": {
        "channel": ""
    },
    "988336399558262815": {
        "channel": ""
    },
    "937091779088482364": {
        "channel": ""
    },
    "916689670568558653": {
        "channel": "982735433928704022"
    },
    "952495772073619466": {
        "channel": ""
    },
    "783335167636275210": {
        "channel": ""
    },
    "942069161343983667": {
        "channel": ""
    },
    "901445268254384168": {
        "channel": ""
    },
    "964070701508231178": {
        "channel": ""
    },
    "986587414191570946": {
        "channel": ""
    },
    "983732765986021436": {
        "channel": ""
    },
    "985770016681103381": {
        "channel": ""
    },
    "941249877252386826": {
        "channel": ""
    },
    "922210999795351553": {
        "channel": ""
    },
    "966238083584491550": {
        "channel": ""
    },
    "862584994430320671": {
        "channel": ""
    },
    "964357497827774465": {
        "channel": ""
    },
    "992815922257592381": {
        "channel": "993144017711812639"
    },
    "972446683503927306": {
        "channel": ""
    },
    "993164523081056341": {
        "channel": ""
    },
    "884482184243712030": {
        "channel": ""
    },
    "872322603870724206": {
        "channel": ""
    },
    "990292803428954113": {
        "channel": ""
    },
    "556395584085426177": {
        "channel": ""
    },
    "949654198729994311": {
        "channel": ""
    },
    "975265042301849650": {
        "channel": ""
    },
    "990923329823178772": {
        "channel": ""
    },
    "991546345305415740": {
        "channel": ""
    },
    "987267629528018945": {
        "channel": ""
    },
    "885210797767278632": {
        "channel": ""
    },
    "985007910025314314": {
        "channel": ""
    },
    "951388543555604500": {
        "channel": ""
    },
    "985556696577482804": {
        "channel": "985557176317771867"
    },
    "836623256281808916": {
        "channel": ""
    },
    "988793560188977262": {
        "channel": ""
    },
    "915099760833220611": {
        "channel": ""
    },
    "875683383852806144": {
        "channel": ""
    },
    "972540869079076864": {
        "channel": ""
    },
    "943362940776636417": {
        "channel": ""
    },
    "741984358692290581": {
        "channel": ""
    },
    "983786067272560671": {
        "channel": ""
    },
    "991237664860807178": {
        "channel": ""
    },
    "795525330134892545": {
        "channel": ""
    },
    "925299170124910592": {
        "channel": ""
    },
    "938787362186600538": {
        "channel": ""
    },
    "980019965673488395": {
        "channel": ""
    },
    "993732942079737907": {
        "channel": ""
    },
    "950348772616044574": {
        "channel": ""
    },
    "956829669120938004": {
        "channel": ""
    },
    "891232227277545532": {
        "channel": ""
    },
    "979961894674763776": {
        "channel": ""
    },
    "879990424956207114": {
        "channel": ""
    },
    "886225881620693022": {
        "channel": ""
    },
    "926009621716566037": {
        "channel": ""
    },
    "953967096805593128": {
        "channel": ""
    },
    "929731482329677865": {
        "channel": ""
    },
    "990938235716898866": {
        "channel": ""
    },
    "965990407186022471": {
        "channel": ""
    },
    "810815707616378900": {
        "channel": ""
    },
    "946307290099761193": {
        "channel": ""
    },
    "890662690689789952": {
        "channel": "1001512850143072307"
    },
    "969608520016228462": {
        "channel": "994068179783528448"
    },
    "990597344460406794": {
        "channel": ""
    },
    "990597956333883482": {
        "channel": ""
    },
    "990597970388975646": {
        "channel": ""
    },
    "990597963887804436": {
        "channel": ""
    },
    "990597958158393364": {
        "channel": ""
    },
    "990597983177424967": {
        "channel": ""
    },
    "990597987673731193": {
        "channel": ""
    },
    "990597968375726110": {
        "channel": ""
    },
    "990597960020672532": {
        "channel": ""
    },
    "990598007915425862": {
        "channel": ""
    },
    "990597998239158323": {
        "channel": ""
    },
    "990597992031604746": {
        "channel": ""
    },
    "990597972272230400": {
        "channel": ""
    },
    "990597980837003284": {
        "channel": ""
    },
    "990597985622696026": {
        "channel": ""
    },
    "990597344003227679": {
        "channel": ""
    },
    "990597954907811840": {
        "channel": ""
    },
    "990597966232424458": {
        "channel": ""
    },
    "990598009823821834": {
        "channel": ""
    },
    "990598001837879357": {
        "channel": ""
    },
    "990597996313972787": {
        "channel": ""
    },
    "990597994200055858": {
        "channel": ""
    },
    "990598011711266816": {
        "channel": ""
    },
    "990598020066316309": {
        "channel": ""
    },
    "990597978257506364": {
        "channel": ""
    },
    "990597973920583722": {
        "channel": ""
    },
    "990598026533929000": {
        "channel": ""
    },
    "990597966098235402": {
        "channel": ""
    },
    "990598028576567377": {
        "channel": ""
    },
    "990598000155955240": {
        "channel": ""
    },
    "990598022494842890": {
        "channel": ""
    },
    "990597970770669608": {
        "channel": ""
    },
    "990598013640663081": {
        "channel": ""
    },
    "990598016060780584": {
        "channel": ""
    },
    "990597957172731934": {
        "channel": ""
    },
    "990597974654599288": {
        "channel": ""
    },
    "990597972683292672": {
        "channel": ""
    },
    "990598006074126336": {
        "channel": ""
    },
    "990597976336506941": {
        "channel": ""
    },
    "990597959357960222": {
        "channel": ""
    },
    "990597961916489798": {
        "channel": ""
    },
    "990597991796731965": {
        "channel": ""
    },
    "990598033060270121": {
        "channel": ""
    },
    "990597961639669780": {
        "channel": ""
    },
    "990597968342159451": {
        "channel": ""
    },
    "990598018153721894": {
        "channel": ""
    },
    "990598004245418044": {
        "channel": ""
    },
    "990598034960310312": {
        "channel": ""
    },
    "990597975904501781": {
        "channel": ""
    },
    "990597989896691762": {
        "channel": ""
    },
    "990598018468311100": {
        "channel": ""
    },
    "990597995806470184": {
        "channel": ""
    },
    "990598045970337792": {
        "channel": ""
    },
    "990597979218010212": {
        "channel": ""
    },
    "990598039221727252": {
        "channel": ""
    },
    "990598037183287306": {
        "channel": ""
    },
    "990598011455426580": {
        "channel": ""
    },
    "990598007475040288": {
        "channel": ""
    },
    "990597997857488896": {
        "channel": ""
    },
    "990597999476498453": {
        "channel": ""
    },
    "990597993608642602": {
        "channel": ""
    },
    "990597958598787078": {
        "channel": ""
    },
    "990598043525054464": {
        "channel": ""
    },
    "990598050026229824": {
        "channel": ""
    },
    "990597987732434996": {
        "channel": ""
    },
    "990598020494159894": {
        "channel": ""
    },
    "990597989884125184": {
        "channel": ""
    },
    "990598030745026620": {
        "channel": ""
    },
    "990597956770091020": {
        "channel": ""
    },
    "990598057383059587": {
        "channel": ""
    },
    "990598022561951764": {
        "channel": ""
    },
    "990598026483605504": {
        "channel": ""
    },
    "990597343466389554": {
        "channel": ""
    },
    "990597963569041458": {
        "channel": ""
    },
    "990597985912123392": {
        "channel": ""
    },
    "990598014114611230": {
        "channel": ""
    },
    "990597962742792302": {
        "channel": ""
    },
    "990598042283540540": {
        "channel": ""
    },
    "990598024558424084": {
        "channel": ""
    },
    "990597981835259974": {
        "channel": ""
    },
    "990598032963817532": {
        "channel": ""
    },
    "990598055088750602": {
        "channel": ""
    },
    "990598009362448394": {
        "channel": ""
    },
    "990598044259061780": {
        "channel": ""
    },
    "990598028622712882": {
        "channel": ""
    },
    "990598005482745896": {
        "channel": ""
    },
    "990598030724067399": {
        "channel": ""
    },
    "990598039540469760": {
        "channel": ""
    },
    "990598003335233556": {
        "channel": ""
    },
    "990598037166518283": {
        "channel": ""
    },
    "990598016329199706": {
        "channel": ""
    },
    "990598048235257946": {
        "channel": ""
    },
    "990598048201736202": {
        "channel": ""
    },
    "990598041155293205": {
        "channel": ""
    },
    "990597983684919366": {
        "channel": ""
    },
    "990598052601540678": {
        "channel": ""
    },
    "990598035044192276": {
        "channel": ""
    },
    "990598001514934333": {
        "channel": ""
    },
    "990597954786164757": {
        "channel": ""
    },
    "990598024575221822": {
        "channel": ""
    },
    "990597964860887120": {
        "channel": ""
    },
    "990598051515207732": {
        "channel": ""
    },
    "990598055936004146": {
        "channel": ""
    },
    "990598050034647050": {
        "channel": ""
    },
    "990597970800025730": {
        "channel": ""
    },
    "990597976714010735": {
        "channel": ""
    },
    "990597966853206126": {
        "channel": ""
    },
    "990597955608252456": {
        "channel": ""
    },
    "990598045894852720": {
        "channel": ""
    },
    "990597974692347925": {
        "channel": ""
    },
    "990598006900404254": {
        "channel": ""
    },
    "990597979297685534": {
        "channel": ""
    },
    "990597960872124556": {
        "channel": ""
    },
    "990597999786864661": {
        "channel": ""
    },
    "990597957734789120": {
        "channel": ""
    },
    "990597965951434853": {
        "channel": ""
    },
    "990597992425873408": {
        "channel": ""
    },
    "990597981529047040": {
        "channel": ""
    },
    "990598053641748502": {
        "channel": ""
    },
    "990597343437004880": {
        "channel": ""
    },
    "990598008703946773": {
        "channel": ""
    },
    "990597980711170099": {
        "channel": ""
    },
    "990597968514146374": {
        "channel": ""
    },
    "990597974201630722": {
        "channel": ""
    },
    "990597972297383956": {
        "channel": ""
    },
    "990597998679560262": {
        "channel": ""
    },
    "990598002039209994": {
        "channel": ""
    },
    "990597984125321236": {
        "channel": ""
    },
    "990597972825882684": {
        "channel": ""
    },
    "990597968786755685": {
        "channel": ""
    },
    "990598028438175744": {
        "channel": ""
    },
    "990597977838084136": {
        "channel": ""
    },
    "990597963124469790": {
        "channel": ""
    },
    "990597958728814632": {
        "channel": ""
    },
    "990597994128752650": {
        "channel": ""
    },
    "990597990131572756": {
        "channel": ""
    },
    "990597962256224276": {
        "channel": ""
    },
    "990597987942146118": {
        "channel": ""
    },
    "990598004803264513": {
        "channel": ""
    },
    "990597960897286185": {
        "channel": ""
    },
    "990597990316113970": {
        "channel": ""
    },
    "990598000416014337": {
        "channel": ""
    },
    "990597985886933022": {
        "channel": ""
    },
    "990597961245425675": {
        "channel": ""
    },
    "990598020225695835": {
        "channel": ""
    },
    "990597998046236732": {
        "channel": ""
    },
    "990598002911633448": {
        "channel": ""
    },
    "990598026240344114": {
        "channel": ""
    },
    "990597350030454814": {
        "channel": ""
    },
    "990597968195362817": {
        "channel": ""
    },
    "990597966534414346": {
        "channel": ""
    },
    "990597992081948713": {
        "channel": ""
    },
    "990598015477768272": {
        "channel": ""
    },
    "990597971236225064": {
        "channel": ""
    },
    "990598024210313226": {
        "channel": ""
    },
    "990597972439994458": {
        "channel": ""
    },
    "990598006606798908": {
        "channel": ""
    },
    "990597988453867560": {
        "channel": ""
    },
    "990597964168835093": {
        "channel": ""
    },
    "990598004257984532": {
        "channel": ""
    },
    "990598032691175434": {
        "channel": ""
    },
    "990597986587385906": {
        "channel": ""
    },
    "990597974478434394": {
        "channel": ""
    },
    "990598022327054396": {
        "channel": ""
    },
    "990597994552385536": {
        "channel": ""
    },
    "990597996011995226": {
        "channel": ""
    },
    "990597996766982234": {
        "channel": ""
    },
    "990597976718200882": {
        "channel": ""
    },
    "990597965007712256": {
        "channel": ""
    },
    "990597347773919284": {
        "channel": ""
    },
    "990597959831924786": {
        "channel": ""
    },
    "990597970519031808": {
        "channel": ""
    },
    "990598008771084319": {
        "channel": ""
    },
    "990597970401587210": {
        "channel": ""
    },
    "990598017667178586": {
        "channel": ""
    },
    "990597985337487380": {
        "channel": ""
    },
    "990597963644567572": {
        "channel": ""
    },
    "990598010947915859": {
        "channel": ""
    },
    "990598030443024465": {
        "channel": ""
    },
    "990597983500402708": {
        "channel": ""
    },
    "990598010641735762": {
        "channel": ""
    },
    "990598017801420800": {
        "channel": ""
    },
    "990598013103767582": {
        "channel": ""
    },
    "990597969256529930": {
        "channel": ""
    },
    "990597975359238156": {
        "channel": ""
    },
    "990597978756628650": {
        "channel": ""
    },
    "990597976491716649": {
        "channel": ""
    },
    "990598015670714389": {
        "channel": ""
    },
    "990597978756636802": {
        "channel": ""
    },
    "990597966798655519": {
        "channel": ""
    },
    "990597972964311061": {
        "channel": ""
    },
    "990598019697213490": {
        "channel": ""
    },
    "990598016488603678": {
        "channel": ""
    },
    "990598039368515636": {
        "channel": ""
    },
    "990598020582232108": {
        "channel": ""
    },
    "990598031198023730": {
        "channel": ""
    },
    "990598012994723850": {
        "channel": ""
    },
    "990598012424298546": {
        "channel": ""
    },
    "990598021446271088": {
        "channel": ""
    },
    "990598029105070140": {
        "channel": ""
    },
    "990597989661806642": {
        "channel": ""
    },
    "990597987598225448": {
        "channel": ""
    },
    "990598026458447972": {
        "channel": ""
    },
    "990598033676832798": {
        "channel": ""
    },
    "990597980958642196": {
        "channel": ""
    },
    "990597351783682098": {
        "channel": ""
    },
    "990598042338078781": {
        "channel": ""
    },
    "990598032032673862": {
        "channel": ""
    },
    "990598046842777610": {
        "channel": ""
    },
    "990598032141721610": {
        "channel": ""
    },
    "990598008062242857": {
        "channel": ""
    },
    "990598035325206538": {
        "channel": ""
    },
    "990597982938365972": {
        "channel": ""
    },
    "990598044452007977": {
        "channel": ""
    },
    "990598031827144714": {
        "channel": ""
    },
    "990598048814092318": {
        "channel": ""
    },
    "990598000206282782": {
        "channel": ""
    },
    "990598010054537246": {
        "channel": ""
    },
    "990598040303857714": {
        "channel": ""
    },
    "990597991880589373": {
        "channel": ""
    },
    "990597995768709130": {
        "channel": ""
    },
    "990598026076766279": {
        "channel": ""
    },
    "990598052911923230": {
        "channel": ""
    },
    "990598004237041695": {
        "channel": ""
    },
    "990598027985182761": {
        "channel": ""
    },
    "990598041482440744": {
        "channel": ""
    },
    "990598033471316059": {
        "channel": ""
    },
    "990598041973170257": {
        "channel": ""
    },
    "990598037351047188": {
        "channel": ""
    },
    "990598052324712498": {
        "channel": ""
    },
    "990598056107986975": {
        "channel": ""
    },
    "990598029880991764": {
        "channel": ""
    },
    "990598002215358504": {
        "channel": ""
    },
    "990598048470142986": {
        "channel": ""
    },
    "990598050433081356": {
        "channel": ""
    },
    "990597997802979428": {
        "channel": ""
    },
    "990598023857963039": {
        "channel": ""
    },
    "990597980807659600": {
        "channel": ""
    },
    "990598054220550194": {
        "channel": ""
    },
    "990598045781606451": {
        "channel": ""
    },
    "990597976948875295": {
        "channel": ""
    },
    "990598057064300574": {
        "channel": ""
    },
    "990597966542815272": {
        "channel": ""
    },
    "990598029700648990": {
        "channel": ""
    },
    "990598027448303667": {
        "channel": ""
    },
    "990597972922347560": {
        "channel": ""
    },
    "990598050777034842": {
        "channel": ""
    },
    "990598023404990524": {
        "channel": ""
    },
    "990598055915049000": {
        "channel": ""
    },
    "990597961958453258": {
        "channel": ""
    },
    "990597968249892886": {
        "channel": ""
    },
    "990597998901862481": {
        "channel": ""
    },
    "990597983257116692": {
        "channel": ""
    },
    "990598043525074954": {
        "channel": ""
    },
    "990598025523105792": {
        "channel": ""
    },
    "990597974272901170": {
        "channel": ""
    },
    "990597992207749180": {
        "channel": ""
    },
    "990597979272523806": {
        "channel": ""
    },
    "990597974973370368": {
        "channel": ""
    },
    "990598051485872140": {
        "channel": ""
    },
    "990598057978626078": {
        "channel": ""
    },
    "990598014475321414": {
        "channel": ""
    },
    "990598051414573126": {
        "channel": ""
    },
    "990597986235084850": {
        "channel": ""
    },
    "990598058855264278": {
        "channel": ""
    },
    "990598039888609340": {
        "channel": ""
    },
    "990597996024594502": {
        "channel": ""
    },
    "990597981856210995": {
        "channel": ""
    },
    "990598062135181353": {
        "channel": ""
    },
    "990598018547990569": {
        "channel": ""
    },
    "990597967977259028": {
        "channel": ""
    },
    "990598035866275880": {
        "channel": ""
    },
    "990597965997543424": {
        "channel": ""
    },
    "990597988260917248": {
        "channel": ""
    },
    "990597970938445865": {
        "channel": ""
    },
    "990597964504379392": {
        "channel": ""
    },
    "990597970099597332": {
        "channel": ""
    },
    "990597985593356339": {
        "channel": ""
    },
    "990598059966734356": {
        "channel": ""
    },
    "990597963883614250": {
        "channel": ""
    },
    "990598054044373052": {
        "channel": ""
    },
    "990598031663583272": {
        "channel": ""
    },
    "990598033349689345": {
        "channel": ""
    },
    "990598044749824031": {
        "channel": ""
    },
    "990598046754672650": {
        "channel": ""
    },
    "990598049430667344": {
        "channel": ""
    },
    "990598057903145010": {
        "channel": ""
    },
    "990598041876725770": {
        "channel": ""
    },
    "990598006720069652": {
        "channel": ""
    },
    "990597972318363689": {
        "channel": ""
    },
    "990597996821491732": {
        "channel": ""
    },
    "990597976437186661": {
        "channel": ""
    },
    "990598043462156359": {
        "channel": ""
    },
    "990598037674004480": {
        "channel": ""
    },
    "990597978609844244": {
        "channel": ""
    },
    "990598048746987562": {
        "channel": ""
    },
    "990598003222011904": {
        "channel": ""
    },
    "990598045450252318": {
        "channel": ""
    },
    "990597998083985438": {
        "channel": ""
    },
    "990598001120645120": {
        "channel": ""
    },
    "990598000407638116": {
        "channel": ""
    },
    "990597992304238683": {
        "channel": ""
    },
    "990598002571894794": {
        "channel": ""
    },
    "990597984184041492": {
        "channel": ""
    },
    "990597994581741618": {
        "channel": ""
    },
    "990598021106507846": {
        "channel": ""
    },
    "990598004757106720": {
        "channel": ""
    },
    "990598044359741511": {
        "channel": ""
    },
    "990597349871083550": {
        "channel": ""
    },
    "990598046523994123": {
        "channel": ""
    },
    "990598009307942943": {
        "channel": ""
    },
    "990598055415910400": {
        "channel": ""
    },
    "990598016895434852": {
        "channel": ""
    },
    "990597990269997156": {
        "channel": ""
    },
    "990598015020584960": {
        "channel": ""
    },
    "990597990215471145": {
        "channel": ""
    },
    "990598064052011128": {
        "channel": ""
    },
    "990597988328034316": {
        "channel": ""
    },
    "990598012826955826": {
        "channel": ""
    },
    "990597994137157682": {
        "channel": ""
    },
    "990598015075123240": {
        "channel": ""
    },
    "990598018766098453": {
        "channel": ""
    },
    "990598004555776110": {
        "channel": ""
    },
    "990598011107287041": {
        "channel": ""
    },
    "990598021253304360": {
        "channel": ""
    },
    "990598027754483743": {
        "channel": ""
    },
    "990598025443409931": {
        "channel": ""
    },
    "990598030145224734": {
        "channel": ""
    },
    "990598029717409852": {
        "channel": ""
    },
    "990598019139371028": {
        "channel": ""
    },
    "990598027767078982": {
        "channel": ""
    },
    "990598038311555112": {
        "channel": ""
    },
    "990598025900605540": {
        "channel": ""
    },
    "990598017021268038": {
        "channel": ""
    },
    "990598040207360000": {
        "channel": ""
    },
    "990598039318183986": {
        "channel": ""
    },
    "990598034473766992": {
        "channel": ""
    },
    "990598034251468810": {
        "channel": ""
    },
    "990598041650200596": {
        "channel": ""
    },
    "990598023254016010": {
        "channel": ""
    },
    "990598006132846612": {
        "channel": ""
    },
    "990598050936389633": {
        "channel": ""
    },
    "990598023455338586": {
        "channel": ""
    },
    "990598053268435005": {
        "channel": ""
    },
    "990598036189224990": {
        "channel": ""
    },
    "990597987774382151": {
        "channel": ""
    },
    "990598063854878774": {
        "channel": ""
    },
    "990597989531779113": {
        "channel": ""
    },
    "990598061594128444": {
        "channel": ""
    },
    "990598037032271872": {
        "channel": ""
    },
    "990598056883925022": {
        "channel": ""
    },
    "990598054937776198": {
        "channel": ""
    },
    "990597993403154453": {
        "channel": ""
    },
    "990598047031504977": {
        "channel": ""
    },
    "990598048512086089": {
        "channel": ""
    },
    "990598035723661362": {
        "channel": ""
    },
    "990598063112454205": {
        "channel": ""
    },
    "990598068388896798": {
        "channel": ""
    },
    "990598055172653066": {
        "channel": ""
    },
    "990598059039805460": {
        "channel": ""
    },
    "990598065142501436": {
        "channel": ""
    },
    "990598052886765568": {
        "channel": ""
    },
    "990598038240256010": {
        "channel": ""
    },
    "990598010549469235": {
        "channel": ""
    },
    "990598013296738334": {
        "channel": ""
    },
    "990598007093346344": {
        "channel": ""
    },
    "990598008653639720": {
        "channel": ""
    },
    "985178764247986176": {
        "channel": ""
    },
    "991642663919030292": {
        "channel": ""
    },
    "967767003391750186": {
        "channel": ""
    },
    "994226419762741358": {
        "channel": ""
    },
    "993005295741714534": {
        "channel": ""
    },
    "987941688750260224": {
        "channel": ""
    },
    "985035831339278396": {
        "channel": ""
    },
    "877602319108296724": {
        "channel": "994948131001225257"
    },
    "976853457061441586": {
        "channel": "994996540550676601"
    },
    "880132401815224391": {
        "channel": ""
    },
    "995134002593792060": {
        "channel": "995139011284828252"
    },
    "940811002788864080": {
        "channel": ""
    },
    "989401519487057930": {
        "channel": ""
    },
    "925329460281090079": {
        "channel": ""
    },
    "994960766929223762": {
        "channel": ""
    },
    "949527041185828954": {
        "channel": ""
    },
    "995251779140866050": {
        "channel": ""
    },
    "969847462607065088": {
        "channel": ""
    },
    "988068762261528596": {
        "channel": ""
    },
    "962006259916234802": {
        "channel": ""
    },
    "983631647385714710": {
        "channel": ""
    },
    "995280611080146994": {
        "channel": ""
    },
    "995585907375747143": {
        "channel": ""
    },
    "995596825841123378": {
        "channel": ""
    },
    "982943781563281448": {
        "channel": ""
    },
    "849217311252676618": {
        "channel": ""
    },
    "990316448662556692": {
        "channel": "995669625259958332"
    },
    "984742387253391411": {
        "channel": "995682047521738853"
    },
    "990236203414618152": {
        "channel": ""
    },
    "932161659575865414": {
        "channel": ""
    },
    "992002994180722748": {
        "channel": ""
    },
    "994924071810781214": {
        "channel": ""
    },
    "944308839447150643": {
        "channel": ""
    },
    "939135934409084928": {
        "channel": "997329143224090694"
    },
    "854764571923316736": {
        "channel": ""
    },
    "988993656830689300": {
        "channel": "997115894603980830"
    },
    "899184875830120489": {
        "channel": ""
    },
    "978690412816515102": {
        "channel": ""
    },
    "996153561018810512": {
        "channel": ""
    },
    "933969700604477480": {
        "channel": ""
    },
    "980168490763845683": {
        "channel": ""
    },
    "986109995475165235": {
        "channel": ""
    },
    "995634616625012806": {
        "channel": ""
    },
    "941716338378960937": {
        "channel": ""
    },
    "882980149740572743": {
        "channel": ""
    },
    "989380421127123034": {
        "channel": ""
    },
    "995280433308782674": {
        "channel": "996400247527968839"
    },
    "846257152452198401": {
        "channel": ""
    },
    "997495442612949053": {
        "channel": "997495443133050963"
    },
    "901843692015484948": {
        "channel": "997547114362064957"
    },
    "930247387107184670": {
        "channel": ""
    },
    "951377890853941288": {
        "channel": ""
    },
    "996823937512128533": {
        "channel": ""
    },
    "906209134666469377": {
        "channel": ""
    },
    "981808806201815050": {
        "channel": ""
    },
    "946352221161934858": {
        "channel": ""
    },
    "996799060595974286": {
        "channel": ""
    },
    "996411157915119616": {
        "channel": ""
    },
    "997384290906161162": {
        "channel": ""
    },
    "909662263676395570": {
        "channel": ""
    },
    "997608990898933823": {
        "channel": ""
    },
    "996596514426200165": {
        "channel": "998060302056820757"
    },
    "758641373074423808": {
        "channel": ""
    },
    "988263102493626393": {
        "channel": ""
    },
    "998100481517813860": {
        "channel": ""
    },
    "982615933631733770": {
        "channel": ""
    },
    "976367481922920450": {
        "channel": ""
    },
    "996825937918300250": {
        "channel": ""
    },
    "987523621729763378": {
        "channel": ""
    },
    "766654184979300372": {
        "channel": ""
    },
    "987985092704075817": {
        "channel": "988740126261776414"
    },
    "997944042899914802": {
        "channel": ""
    },
    "996801067213918288": {
        "channel": ""
    },
    "994584041045106699": {
        "channel": ""
    },
    "985099626019422248": {
        "channel": ""
    },
    "998838254675710012": {
        "channel": "998843760869908511"
    },
    "998959702685798441": {
        "channel": ""
    },
    "998951484312010813": {
        "channel": ""
    },
    "915141243711946772": {
        "channel": ""
    },
    "991659188486942730": {
        "channel": ""
    },
    "930330882726825984": {
        "channel": ""
    },
    "991583230706851900": {
        "channel": ""
    },
    "999964888489283734": {
        "channel": ""
    },
    "999986993532510291": {
        "channel": ""
    },
    "842714263747690508": {
        "channel": ""
    },
    "951476040532889620": {
        "channel": ""
    },
    "1000072586169942088": {
        "channel": ""
    },
    "939598806679425066": {
        "channel": ""
    },
    "1000297283759374446": {
        "channel": ""
    },
    "878567478710636555": {
        "channel": ""
    },
    "995903738235592725": {
        "channel": ""
    },
    "720303803160592401": {
        "channel": ""
    },
    "987929258154422362": {
        "channel": ""
    },
    "826798907861630977": {
        "channel": ""
    },
    "975002172938932265": {
        "channel": ""
    },
    "999730695205290034": {
        "channel": ""
    },
    "942417171441659984": {
        "channel": ""
    },
    "918693058596458546": {
        "channel": ""
    },
    "998126209273708575": {
        "channel": ""
    },
    "951809085827850240": {
        "channel": ""
    },
    "1000229187556212807": {
        "channel": ""
    },
    "923952435851051028": {
        "channel": ""
    },
    "975876203544195093": {
        "channel": ""
    },
    "999301684108996658": {
        "channel": ""
    },
    "893111403110608957": {
        "channel": ""
    },
    "935716696554098768": {
        "channel": ""
    },
    "1001518089868955689": {
        "channel": ""
    },
    "852453749690859530": {
        "channel": "991761734438240256"
    },
    "833418595622977556": {
        "channel": ""
    },
    "992352227853348864": {
        "channel": ""
    },
    "1000642727635071066": {
        "channel": ""
    },
    "951926694149750854": {
        "channel": ""
    },
    "999466556192981092": {
        "channel": ""
    },
    "1001737083787952148": {
        "channel": ""
    },
    "1000822169649029171": {
        "channel": ""
    },
    "997475649507831818": {
        "channel": ""
    },
    "998880868800151633": {
        "channel": ""
    },
    "1000405006375211088": {
        "channel": "1002323779168510044"
    },
    "966489563667263558": {
        "channel": ""
    },
    "1002520424564920370": {
        "channel": ""
    },
    "939035675351736350": {
        "channel": ""
    },
    "981795630047440956": {
        "channel": ""
    },
    "907238633856172093": {
        "channel": "1002616034370523278"
    },
    "994243574084419614": {
        "channel": ""
    },
    "1002793275985502268": {
        "channel": ""
    },
    "893727172617977896": {
        "channel": ""
    },
    "998788664714862602": {
        "channel": ""
    },
    "989117226844057650": {
        "channel": ""
    },
    "986749140199432234": {
        "channel": ""
    },
    "753422063141781554": {
        "channel": ""
    },
    "1002869970822234132": {
        "channel": ""
    },
    "802436150177562655": {
        "channel": ""
    },
    "983724325465108560": {
        "channel": ""
    },
    "1003051783880462347": {
        "channel": ""
    },
    "770899209217507338": {
        "channel": ""
    },
    "1002149144405741579": {
        "channel": "1002806125047054389"
    },
    "984374656184250378": {
        "channel": "990155729807749151"
    },
    "949169446000414730": {
        "channel": "1003284015303884910"
    },
    "996814455478439976": {
        "channel": "996823070591422534"
    },
    "1003260029392130059": {
        "channel": ""
    },
    "1003337142174503012": {
        "channel": ""
    },
    "934412249441919066": {
        "channel": ""
    },
    "931182943542599680": {
        "channel": ""
    },
    "1003617488828907570": {
        "channel": "1003617956795797544"
    },
    "1002228788995825764": {
        "channel": "1002228791512399893"
    },
    "837149105724719154": {
        "channel": ""
    },
    "974910195568361552": {
        "channel": ""
    },
    "991069793283088404": {
        "channel": ""
    },
    "1003684499919474728": {
        "channel": ""
    },
    "853181633930461184": {
        "channel": ""
    },
    "887068464118902795": {
        "channel": ""
    },
    "998432751785103392": {
        "channel": ""
    },
    "1000234594500620308": {
        "channel": ""
    },
    "1003652684492046397": {
        "channel": ""
    },
    "1003744529632993330": {
        "channel": ""
    },
    "977633101880635492": {
        "channel": ""
    },
    "992731723873923123": {
        "channel": ""
    },
    "994926736225620008": {
        "channel": ""
    },
    "957183166190325781": {
        "channel": ""
    },
    "1004139330668867677": {
        "channel": "1004154616465866812"
    },
    "994383011707629599": {
        "channel": "1004157925767524512"
    },
    "1000447508855652456": {
        "channel": "1000553403719626804"
    },
    "998120167055827065": {
        "channel": ""
    },
    "1000722033182789663": {
        "channel": ""
    },
    "993003252335525968": {
        "channel": ""
    },
    "1004348961114574858": {
        "channel": ""
    },
    "1003725631927881762": {
        "channel": ""
    },
    "977673806032273438": {
        "channel": ""
    },
    "973215705543635037": {
        "channel": ""
    },
    "1001087061178200134": {
        "channel": "1003904068332306483"
    },
    "924553983899615254": {
        "channel": ""
    },
    "1001290345528700991": {
        "channel": ""
    },
    "921717661057056789": {
        "channel": ""
    },
    "1002778011969527940": {
        "channel": ""
    },
    "935091912589852672": {
        "channel": ""
    },
    "1004413687563571280": {
        "channel": "1004645644725653534"
    },
    "988129867004518421": {
        "channel": ""
    },
    "1004648517937139783": {
        "channel": ""
    },
    "1005103321239015534": {
        "channel": ""
    },
    "979365921778982912": {
        "channel": ""
    },
    "963452807762018356": {
        "channel": ""
    },
    "898623160872738906": {
        "channel": ""
    },
    "953552153270697994": {
        "channel": ""
    },
    "891013650968637541": {
        "channel": ""
    },
    "1005136667566419998": {
        "channel": ""
    },
    "867328502495051848": {
        "channel": ""
    },
    "1004642933665959936": {
        "channel": ""
    },
    "1005689915243237467": {
        "channel": ""
    },
    "1005735379028148305": {
        "channel": ""
    },
    "1004838492116881479": {
        "channel": ""
    },
    "985461624615895060": {
        "channel": ""
    },
    "983984501975842828": {
        "channel": ""
    },
    "990456468132212756": {
        "channel": ""
    },
    "695247521118683227": {
        "channel": ""
    },
    "1001829059845693500": {
        "channel": ""
    },
    "991807927486787675": {
        "channel": "1004423740706263060"
    },
    "1005898049861734470": {
        "channel": ""
    },
    "1005927864438366308": {
        "channel": ""
    },
    "1001161042400923679": {
        "channel": ""
    },
    "971768408582553641": {
        "channel": ""
    },
    "973097373234503730": {
        "channel": ""
    },
    "1004481414990925915": {
        "channel": ""
    },
    "1006071570873196594": {
        "channel": ""
    },
    "873069815974232114": {
        "channel": ""
    },
    "876702199261061132": {
        "channel": ""
    },
    "821000372180090891": {
        "channel": ""
    },
    "1006192861399765144": {
        "channel": "1006202465483489280"
    },
    "977103643021025301": {
        "channel": ""
    },
    "964426612256948264": {
        "channel": ""
    },
    "996458632352890961": {
        "channel": "1007110352024109208"
    },
    "770200402917589012": {
        "channel": ""
    },
    "1006103099045330995": {
        "channel": ""
    },
    "979999548040699914": {
        "channel": ""
    },
    "992993840992624682": {
        "channel": ""
    },
    "780099377724915752": {
        "channel": ""
    },
    "997219107365720185": {
        "channel": ""
    },
    "997499786380972122": {
        "channel": "1006608705862778880"
    },
    "771407021546799194": {
        "channel": ""
    },
    "872102750912126996": {
        "channel": ""
    },
    "971687950272319518": {
        "channel": ""
    },
    "958614410253987861": {
        "channel": ""
    },
    "968134215315120141": {
        "channel": ""
    },
    "897797126065647676": {
        "channel": ""
    },
    "881929270862180426": {
        "channel": ""
    },
    "1006759883481296966": {
        "channel": ""
    },
    "871381372189683752": {
        "channel": ""
    },
    "919515519084802048": {
        "channel": ""
    },
    "974777629951553586": {
        "channel": ""
    },
    "999611018164576347": {
        "channel": ""
    },
    "1006414560057622650": {
        "channel": ""
    },
    "929977991528841216": {
        "channel": ""
    },
    "1003952506637930556": {
        "channel": "1007009660378824865"
    },
    "1006990954261131266": {
        "channel": ""
    },
    "1006573402217254922": {
        "channel": ""
    },
    "1000830610010538144": {
        "channel": ""
    },
    "995178560392265738": {
        "channel": ""
    },
    "1007094920089178162": {
        "channel": ""
    },
    "999175287898128404": {
        "channel": ""
    },
    "1005311334373658705": {
        "channel": ""
    },
    "1007145842853023824": {
        "channel": ""
    },
    "994787024760487958": {
        "channel": ""
    },
    "1006881946296651906": {
        "channel": ""
    },
    "999604385405476884": {
        "channel": ""
    },
    "989475377737007105": {
        "channel": ""
    },
    "1007246077839278170": {
        "channel": "1007349354627084449"
    },
    "731482558511972413": {
        "channel": ""
    },
    "910987933119545394": {
        "channel": ""
    },
    "926701078274277446": {
        "channel": ""
    },
    "1006202490099871745": {
        "channel": ""
    },
    "928199280051761182": {
        "channel": ""
    },
    "892604290408005652": {
        "channel": ""
    },
    "988724687876010015": {
        "channel": ""
    },
    "1006101968416161792": {
        "channel": ""
    },
    "998090250326908968": {
        "channel": ""
    },
    "953633237752766574": {
        "channel": ""
    },
    "910177018652553267": {
        "channel": ""
    },
    "974709193233805343": {
        "channel": ""
    },
    "997110268930822215": {
        "channel": ""
    },
    "872392841333186561": {
        "channel": ""
    },
    "984475600993542155": {
        "channel": ""
    },
    "870140990202208286": {
        "channel": ""
    },
    "938809221988888628": {
        "channel": ""
    },
    "1008050282682396762": {
        "channel": "1008055782727757844"
    },
    "889139283963813969": {
        "channel": ""
    },
    "997580022074310738": {
        "channel": ""
    },
    "1005952900217962637": {
        "channel": ""
    },
    "764876929446182942": {
        "channel": ""
    },
    "1008065110696275968": {
        "channel": ""
    },
    "1008139770112778330": {
        "channel": ""
    },
    "986120188669874227": {
        "channel": "1008208916657737738"
    },
    "974344660828958810": {
        "channel": ""
    },
    "843305220770496563": {
        "channel": "855298700879855636"
    },
    "996712334582108180": {
        "channel": ""
    },
    "991195704112459837": {
        "channel": ""
    },
    "1002928937963368539": {
        "channel": ""
    },
    "990603931258322954": {
        "channel": ""
    },
    "1004447367946305637": {
        "channel": ""
    },
    "1007013168196882454": {
        "channel": ""
    },
    "1008382544418443404": {
        "channel": ""
    },
    "1007340806291587207": {
        "channel": ""
    },
    "1002105365829259264": {
        "channel": ""
    },
    "944479359719325737": {
        "channel": ""
    },
    "937230782274093086": {
        "channel": ""
    },
    "1008054616929357866": {
        "channel": ""
    },
    "764848033736556555": {
        "channel": ""
    },
    "927620892488527913": {
        "channel": ""
    },
    "935834444252733510": {
        "channel": ""
    },
    "1008685449356771428": {
        "channel": ""
    },
    "1008497967671541860": {
        "channel": ""
    },
    "1005251596957003957": {
        "channel": ""
    },
    "984141490198573157": {
        "channel": ""
    },
    "977575351423221810": {
        "channel": ""
    },
    "1005283041146572862": {
        "channel": ""
    },
    "1008643271494471710": {
        "channel": ""
    },
    "1008736171121188935": {
        "channel": ""
    },
    "1008210662134136883": {
        "channel": ""
    },
    "1005117974887272559": {
        "channel": ""
    },
    "980080476805013535": {
        "channel": ""
    },
    "980440681711554580": {
        "channel": ""
    },
    "992757971211792495": {
        "channel": ""
    },
    "962369336419446814": {
        "channel": ""
    },
    "984916020030484550": {
        "channel": ""
    },
    "1008794267738718209": {
        "channel": ""
    },
    "1008377450864070726": {
        "channel": ""
    },
    "992097676348887162": {
        "channel": ""
    },
    "1008115856577929338": {
        "channel": ""
    },
    "1008218858936602764": {
        "channel": ""
    },
    "983472503110373476": {
        "channel": ""
    },
    "1003430744607166554": {
        "channel": ""
    },
    "989824892427993149": {
        "channel": ""
    },
    "762881055509970944": {
        "channel": ""
    },
    "788442053720932353": {
        "channel": ""
    },
    "1007688285289730149": {
        "channel": ""
    },
    "911252976843231312": {
        "channel": ""
    },
    "946041387550392410": {
        "channel": ""
    },
    "1008057041824256000": {
        "channel": ""
    },
    "836194882523496465": {
        "channel": ""
    },
    "1006489101555478548": {
        "channel": ""
    },
    "1008938313631146055": {
        "channel": ""
    },
    "995880831119790170": {
        "channel": ""
    },
    "1008017780941017270": {
        "channel": ""
    },
    "1001291182468501534": {
        "channel": ""
    },
    "1008324050097025024": {
        "channel": ""
    },
    "990256621773025322": {
        "channel": ""
    },
    "1009400619649470474": {
        "channel": ""
    },
    "996137339715866635": {
        "channel": ""
    },
    "995205895254462505": {
        "channel": ""
    },
    "1007658813022797935": {
        "channel": "1008852793135738891"
    },
    "982598075866558524": {
        "channel": ""
    },
    "971782630053929031": {
        "channel": ""
    },
    "998082604135886939": {
        "channel": ""
    },
    "1002779009622487070": {
        "channel": ""
    },
    "1009391287218225163": {
        "channel": "1009391288124178457"
    },
    "1009494370585682082": {
        "channel": ""
    },
    "968252681820966932": {
        "channel": ""
    },
    "1009401353971445760": {
        "channel": ""
    },
    "993118116290777201": {
        "channel": ""
    },
    "986751536250114119": {
        "channel": ""
    },
    "1009147326243295314": {
        "channel": ""
    },
    "1001005974942928988": {
        "channel": "1002065307155824652"
    },
    "942078454101327872": {
        "channel": ""
    },
    "673189588126400533": {
        "channel": ""
    },
    "997829589118230548": {
        "channel": ""
    },
    "1005773990368907336": {
        "channel": ""
    },
    "997533735480197291": {
        "channel": ""
    },
    "1009769731991019610": {
        "channel": ""
    },
    "850777243662811137": {
        "channel": ""
    },
    "982468162438201395": {
        "channel": ""
    },
    "1002823540598390845": {
        "channel": ""
    },
    "1009072053829255189": {
        "channel": ""
    },
    "1005756367354736681": {
        "channel": ""
    },
    "1009161979786694816": {
        "channel": ""
    },
    "1005840591839576074": {
        "channel": ""
    },
    "1005688523510251531": {
        "channel": ""
    },
    "991725086577004644": {
        "channel": ""
    },
    "880257836217671680": {
        "channel": ""
    },
    "195164942142406658": {
        "channel": ""
    },
    "994218377574891550": {
        "channel": ""
    },
    "1009739212335087656": {
        "channel": ""
    },
    "1010132594534391909": {
        "channel": ""
    },
    "995908528168501389": {
        "channel": ""
    },
    "1010163134943740044": {
        "channel": ""
    },
    "1009049875595411466": {
        "channel": ""
    },
    "996112311066579076": {
        "channel": ""
    },
    "842618905566773269": {
        "channel": ""
    },
    "1010310168443093062": {
        "channel": ""
    },
    "978366483518349393": {
        "channel": ""
    },
    "1006605140654051418": {
        "channel": ""
    },
    "1001137196557938689": {
        "channel": ""
    },
    "777893909753757706": {
        "channel": ""
    },
    "1010248800457216182": {
        "channel": ""
    },
    "940282250463961180": {
        "channel": "1010239782317731900"
    },
    "983019535563120670": {
        "channel": ""
    },
    "974617213233430528": {
        "channel": ""
    },
    "1010544312548859984": {
        "channel": ""
    },
    "1010568642326450258": {
        "channel": ""
    },
    "1008309884367933450": {
        "channel": ""
    },
    "921473109809319976": {
        "channel": ""
    },
    "921127127816998945": {
        "channel": ""
    },
    "990545855671074828": {
        "channel": ""
    },
    "900553971318542356": {
        "channel": ""
    },
    "1010049370256834630": {
        "channel": ""
    },
    "951096228140187688": {
        "channel": ""
    }
}